{
    "single_camera": {
        "cam0": {
            "camera_matrix": [
                [
                    1132.5476622033336,
                    0.0,
                    941.9957735171063
                ],
                [
                    0.0,
                    1140.3634749701175,
                    516.8542310386631
                ],
                [
                    0.0,
                    0.0,
                    1.0
                ]
            ],
            "dist_coeffs": [
                [
                    0.12374577189973382,
                    -0.48300721737511804,
                    0.0025280818442523045,
                    -0.01746772764245039,
                    0.357359693659828
                ]
            ],
            "reprojection_error": 0.23356711628597876
        },
        "cam1": {
            "camera_matrix": [
                [
                    1415.3538164472134,
                    0.0,
                    941.5216643830338
                ],
                [
                    0.0,
                    1412.0938903581373,
                    495.38344744783825
                ],
                [
                    0.0,
                    0.0,
                    1.0
                ]
            ],
            "dist_coeffs": [
                [
                    -0.001822458871518286,
                    0.21306100851963156,
                    -0.00798977623237882,
                    -0.003781196724735835,
                    -0.4748541524856335
                ]
            ],
            "reprojection_error": 0.08577718387355072
        },
        "cam2": {
            "camera_matrix": [
                [
                    1506.5057873206724,
                    0.0,
                    973.9804001291986
                ],
                [
                    0.0,
                    1505.423053132701,
                    526.2528061894528
                ],
                [
                    0.0,
                    0.0,
                    1.0
                ]
            ],
            "dist_coeffs": [
                [
                    -0.006743609399327323,
                    0.5169580101912544,
                    -0.0002745054856173208,
                    0.008811574457741125,
                    -1.9993410984123063
                ]
            ],
            "reprojection_error": 0.13358001138226444
        }
    },
    "stereo_pairs": {
        "cam0_cam1": {
            "R": [
                [
                    0.8220644349969602,
                    0.17881944760687454,
                    -0.5405864129542112
                ],
                [
                    0.2276200904016322,
                    0.7670390121416762,
                    0.5998668588097482
                ],
                [
                    0.5219187284996406,
                    -0.6161775385473685,
                    0.5898525933070268
                ]
            ],
            "T": [
                [
                    0.36703484464593206
                ],
                [
                    -0.22333130369767348
                ],
                [
                    0.346570252087064
                ]
            ],
            "E": [
                [
                    -0.19544714217063078,
                    -0.12822117080554604,
                    -0.3396285571290815
                ],
                [
                    0.09334071903603834,
                    0.28813212817023026,
                    -0.40384762436082733
                ],
                [
                    0.26713722651021854,
                    0.32146602501933047,
                    0.09944217096516633
                ]
            ],
            "F": [
                [
                    -4.799481574896225e-06,
                    -3.1270723652956447e-06,
                    -0.0033081841500204228
                ],
                [
                    2.2974051623351545e-06,
                    7.043221177862636e-06,
                    -0.01706192613384185
                ],
                [
                    0.012665345880129752,
                    0.010551413848113565,
                    0.9999999999999999
                ]
            ],
            "error": 29.257989193769436
        },
        "cam0_cam2": {
            "R": [
                [
                    0.24510973910835537,
                    0.10108119566261109,
                    -0.9642114953046613
                ],
                [
                    -0.35278809361954,
                    0.9356654737652738,
                    0.008407270894687346
                ],
                [
                    0.9030292225584534,
                    0.3381016312989674,
                    0.2650009624858982
                ]
            ],
            "T": [
                [
                    0.6384416013614719
                ],
                [
                    -0.025883910305973073
                ],
                [
                    0.6705847128088727
                ]
            ],
            "E": [
                [
                    0.2132003750418733,
                    -0.6361943553089096,
                    -0.012497048482401832
                ],
                [
                    -0.4121645789197898,
                    -0.14807464234564918,
                    -0.8157731275177181
                ],
                [
                    -0.21889019692951886,
                    0.5999841400114931,
                    -0.019590012367370145
                ]
            ],
            "F": [
                [
                    -3.99392823663979e-06,
                    1.1836281722737354e-05,
                    -0.0020902281690821905
                ],
                [
                    7.726720470741047e-06,
                    2.7568835149663874e-06,
                    0.008616655973478743
                ],
                [
                    0.006001251913382411,
                    -0.029795641333071703,
                    1.0
                ]
            ],
            "error": 70.85784221455764
        },
        "cam1_cam2": {
            "R": [
                [
                    0.9354292990073302,
                    -0.2679654705158617,
                    -0.23057869192505226
                ],
                [
                    -0.28459191117895866,
                    -0.18389140804255089,
                    -0.9408461054495766
                ],
                [
                    0.20971282900710442,
                    0.9457158435065688,
                    -0.24827821630279226
                ]
            ],
            "T": [
                [
                    0.22901785100413716
                ],
                [
                    0.5978947493189378
                ],
                [
                    0.7627400296653769
                ]
            ],
            "E": [
                [
                    0.3424558421033332,
                    0.705699875205891,
                    0.5691767444834533
                ],
                [
                    0.6654613898475087,
                    -0.42097380107100435,
                    -0.11901145477031236
                ],
                [
                    -0.6244648941469427,
                    0.11810073273218247,
                    -0.07760876398885613
                ]
            ],